{
	"name": "Python 3",
	"build": {
		"dockerfile": "Dockerfile",
		"context": "..",
		"args": {
			"VARIANT": "3.10", // Set Python version here
			"NODE_VERSION": "lts/*"
		}
	},
	"customizations": {
		"codespaces": {
			"openFiles": [
				"README.md"
			]
		},
		"vscode": {
			// Set *default* container specific settings.json values on container create.
			"settings": {
				"terminal.integrated.shell.linux": "/bin/bash",
				"python.defaultInterpreterPath": "/usr/local/bin/python",
				"python.linting.enabled": true,
				"python.linting.pylintEnabled": true,
				"python.formatting.autopep8Path": "/usr/local/py-utils/bin/autopep8",
				"python.formatting.blackPath": "/usr/local/py-utils/bin/black",
				"python.formatting.yapfPath": "/usr/local/py-utils/bin/yapf",
				"python.linting.banditPath": "/usr/local/py-utils/bin/bandit",
				"python.linting.flake8Path": "/usr/local/py-utils/bin/flake8",
				"python.linting.mypyPath": "/usr/local/py-utils/bin/mypy",
				"python.linting.pycodestylePath": "/usr/local/py-utils/bin/pycodestyle",
				"python.linting.pydocstylePath": "/usr/local/py-utils/bin/pydocstyle",
				"python.linting.pylintPath": "/usr/local/py-utils/bin/pylint",
				"python.linting.pylintArgs": [
					"--disable=C0111"
				]
			},
			// Add the IDs of extensions you want installed when the container is created.
			"extensions": [
				"linkedinlearning.linkedinlearning-vscode-theme",
				"ms-python.python",
				"ms-python.vscode-pylance",
				"ms-toolsai.jupyter"
			]
		}
	},
	"remoteUser": "vscode",
	// Update welcome text and set terminal prompt to '$ '
	"onCreateCommand": "echo PS1='\"$ \"' >> ~/.bashrc",
	// Pull all branches
	"postAttachCommand": "git pull --all",
	"postCreateCommand": "sh .devcontainer/startup.sh"
}
